{
    "AAPL": 0.25054213305476036,
    "NVDA": 0.8202762396427545,
    "MSFT": 0.1893860521838724,
    "AMZN": 0.1885468672632835,
    "GOOG": 0.22577390245982887,
    "GOOGL": 0.22443504252238777,
    "META": 0.27543883987312556,
    "AVGO": 0.48613774254075404,
    "TSLA": 0.5073166939512981,
    "BRK.B": 0.15965708856114036,
    "WMT": 0.2084389515312235,
    "LLY": 0.41895596417298364,
    "JPM": 0.14918026254099925,
    "V": 0.11223700911380385,
    "MA": 0.11346757429332044,
    "ORCL": 0.2621701030673538,
    "UNH": 0.14636230462397992,
    "XOM": 0.1195873671212122,
    "COST": 0.2654156174504432,
    "NFLX": 0.22230888535853088,
    "HD": 0.1221477079311839,
    "PG": 0.05817619035599986,
    "JNJ": 0.0026231995681356146,
    "BAC": 0.07026767506654563,
    "ABBV": 0.17445498086037192,
    "CRM": 0.13005006069342095,
    "TMUS": 0.2400245625203974,
    "KO": 0.01619606799875939,
    "CVX": 0.07018197927391623,
    "WFC": 0.10831749100126009,
    "PLTR": 0.5407619319115871,
    "CSCO": 0.054260449566104096,
    "ACN": 0.1312321994408212,
    "IBM": 0.12829178946658137,
    "PM": 0.09422486241910377,
    "ABT": 0.08001739256735707,
    "GE": 0.27211595371197284,
    "MCD": 0.06054471278930018,
    "LIN": 0.16326433441131338,
    "MRK": 0.03466220082268556,
    "GS": 0.2178871689429398,
    "MS": 0.21352544973903953,
    "AXP": 0.19366046491011812,
    "ISRG": 0.248476251894012,
    "TMO": 0.1342941037928964,
    "NOW": 0.2430039649295357,
    "BX": 0.23956365171512628,
    "ADBE": 0.04090017327133033,
    "PEP": 0.011225062268184427,
    "DIS": -0.043640749940472845,
    "QCOM": 0.14865849048456448,
    "AMD": 0.19280573751693741,
    "T": -0.031965700659362994,
    "CAT": 0.23407874739580325,
    "RTX": 0.06443650647426269,
    "VZ": -0.0746271510946468,
    "SPGI": 0.12014542912562032,
    "INTU": 0.16292764287070116,
    "TXN": 0.08389699567471665,
    "UBER": 0.12203348332892427,
    "BKNG": 0.2083512108143042,
    "AMGN": 0.05645981555021917,
    "BSX": 0.19371826536158498,
    "SCHW": 0.12609981234854728,
    "C": 0.01623514247234037,
    "BLK": 0.15200349441691308,
    "PGR": 0.2505687362917097,
    "UNP": 0.06566923615472042,
    "SYK": 0.13078542326424203,
    "ANET": 0.5226372039783833,
    "AMAT": 0.2473814299888648,
    "LOW": 0.1728361286788671,
    "PFE": -0.05712650781713435,
    "DHR": 0.09309092698382737,
    "NEE": 0.014158054218325722,
    "TJX": 0.15680182286751343,
    "HON": 0.054822400255643444,
    "BA": -0.10993573040679461,
    "CMCSA": -0.046284914691688384,
    "FI": 0.1211858104743555,
    "COP": 0.10800767044254034,
    "DE": 0.24661637440669892,
    "PANW": 0.36213609842715244,
    "SBUX": 0.04596515745554264,
    "KKR": 0.3939856840777993,
    "ADP": 0.11740729416319873,
    "ETN": 0.27870126603229095,
    "GILD": 0.07932435616838807,
    "VRTX": 0.14902706900043827,
    "MDT": -0.05099771244811235,
    "PLD": 0.053554324954192545,
    "BMY": -0.015008104438118841,
    "MMC": 0.13836884355608636,
    "CB": 0.12151914573801115,
    "LRCX": 0.21315549070770712,
    "LMT": 0.017799738261761844,
    "CRWD": 0.4548294463384348,
    "NKE": -0.049785477591597904,
    "MU": 0.11150877520818625,
    "GEV": 0.21295283494907813,
    "ADI": 0.14010160001947813,
    "KLAC": 0.34148403042930187,
    "CEG": 0.4817283999143178,
    "UPS": 0.02284648929771249,
    "ICE": 0.09823915263972172,
    "SO": 0.03495211725375902,
    "INTC": -0.2131527777073765,
    "MCO": 0.13858440675241845,
    "MO": 0.024572935144792085,
    "WM": 0.12415265297654576,
    "SHW": 0.13323425342052553,
    "EQIX": 0.08644332547366096,
    "ELV": 0.08232225982006458,
    "AMT": -0.046014632316827786,
    "APO": 0.3006213068827217,
    "DUK": 0.027740832131848636,
    "WELL": 0.10073705657016219,
    "CME": 0.01967030002843484,
    "PH": 0.2897334864466059,
    "APH": 0.07209075534955467,
    "ABNB": -0.019455768705788024,
    "FTNT": 0.3405940469369422,
    "AON": 0.10505666576064665,
    "CDNS": 0.3251662315656556,
    "CTAS": 0.2325807359209704,
    "SNPS": 0.2845250079972317,
    "CI": 0.08936984516308621,
    "MMM": 0.030567298200731674,
    "HCA": 0.18397859195420008,
    "TT": 0.2798161432650965,
    "AJG": 0.2368757124672456,
    "MAR": 0.15482751473377188,
    "MSI": 0.21664400073261003,
    "PNC": 0.060879683912792526,
    "ZTS": 0.047484798084980406,
    "DELL": 0.32965709650277875,
    "MDLZ": 0.0015244501386382225,
    "CMG": 0.27457471664047794,
    "ITW": 0.07990197229549145,
    "COF": 0.1535060937237107,
    "MCK": 0.32817327533354756,
    "PYPL": -0.05333898023272976,
    "TDG": 0.15716307055825607,
    "ORLY": 0.26084193525190136,
    "ECL": 0.044205673270443446,
    "EOG": 0.12002078970749408,
    "USB": -0.0230540242302264,
    "REGN": 0.1455630376161563,
    "EMR": 0.12348669245511634,
    "CL": 0.029609812734271435,
    "WDAY": 0.06803533666434158,
    "RSG": 0.1774176312856406,
    "GD": 0.07788366965866267,
    "SPG": 0.05535924771082201,
    "APD": 0.06647707332479214,
    "NOC": 0.06021350647633339,
    "RCL": 0.18016881261658613,
    "CVS": -0.03338223490254999,
    "WMB": 0.21285865850597396,
    "BDX": -0.018980572407898966,
    "HLT": 0.18879703375669954,
    "ADSK": 0.09335945109069832,
    "CSX": 0.05044499500370492,
    "FDX": 0.12987557243461434,
    "TFC": -0.019322937445574007,
    "ROP": 0.08677915578369277,
    "BK": 0.137056541272373,
    "TGT": 0.04155192700766963,
    "KMI": 0.05717997855721779,
    "SLB": 0.03779770283933526,
    "JCI": 0.14699761478915296,
    "CARR": 0.40363029783963156,
    "OKE": 0.05473939558958185,
    "NSC": 0.04284625496837435,
    "MET": 0.11727340985510892,
    "AZO": 0.2610704004166706,
    "AFL": 0.15602522850590583,
    "CPRT": 0.18113787905435585,
    "VST": 0.4940703704185634,
    "DLR": 0.058802017730942735,
    "PCAR": 0.17474710628340717,
    "CHTR": -0.08273123256395676,
    "TRV": 0.12909169194520453,
    "FCX": 0.2566450564923899,
    "AEP": -0.011507245732959803,
    "PSX": 0.057869116737880644,
    "NXPI": 0.10656004087258308,
    "PSA": 0.058921292397098535,
    "SRE": 0.005890700872660304,
    "PAYX": 0.11274334462173297,
    "HWM": 0.40595908321840635,
    "NEM": -0.012920050123356619,
    "CMI": 0.16942423522794448,
    "GWW": 0.2850654614851338,
    "AMP": 0.2654217904094398,
    "AXON": 0.5307784637423278,
    "ALL": 0.10068620684023522,
    "DFS": 0.21775992221418994,
    "URI": 0.4028570611626745,
    "MPC": 0.2285619007566988,
    "LULU": 0.10949271840907193,
    "FANG": 0.17597886459012968,
    "COR": 0.24291767838258216,
    "O": -0.06330817197236649,
    "AIG": 0.0756233853564181,
    "BKR": 0.158286620010595,
    "KR": 0.17967978373548776,
    "MNST": 0.07639550479494162,
    "ROST": 0.057524832254541636,
    "D": -0.0832278894108398,
    "GM": 0.07962593622271519,
    "OXY": 0.030824620258532942,
    "NDAQ": 0.15964416342057008,
    "HES": 0.19762180307923205,
    "MSCI": 0.15316564842867297,
    "TEL": 0.09498750653783694,
    "PWR": 0.5078101477377952,
    "TRGP": 0.40024419667399114,
    "FICO": 0.35129559915046604,
    "KMB": -0.019993563804292847,
    "ODFL": 0.22868175788642287,
    "CTSH": 0.05700680591314389,
    "VLO": 0.10632141727212385,
    "CTVA": 0.16727108898284104,
    "CBRE": 0.18470812587621044,
    "FAST": 0.1535909362045469,
    "AME": 0.13561422674795431,
    "KDP": 0.022786934820860694,
    "GLW": 0.14117292415931426,
    "EXC": 0.03074725780964571,
    "EW": -0.002348197756025572,
    "VRSK": 0.11711251509725651,
    "PEG": 0.0708386170591273,
    "DAL": 0.037205136084491164,
    "DHI": 0.19291550813351455,
    "YUM": 0.04165910350825519,
    "A": 0.13024469891198365,
    "GRMN": 0.1707897367563831,
    "IT": 0.2707013081698191,
    "KVUE": -0.04570054393324019,
    "GEHC": 0.08034356801283793,
    "PRU": 0.057061857051769804,
    "LHX": -0.008172704888624427,
    "CCI": -0.09759208981029233,
    "XEL": -0.006565119152031285,
    "OTIS": 0.16092500562176926,
    "IDXX": 0.08883827232254715,
    "FIS": -0.10982000415488313,